SeqLib,SampleID,CaptureID,Index1,Index2,AdapterID,AdapterBarcode
SP1,APPC_16.11,1,ATTACTCG,TATAGCCT,Y1,ATCACG
SP1,APPC_19.17,1,ATTACTCG,TATAGCCT,Y2,CGATGT
SP1,APPC_19.21,1,ATTACTCG,TATAGCCT,Y3,TTAGGC
SP1,APPC_20.29,1,ATTACTCG,TATAGCCT,Y4,TGGCCA
SP1,APPC_20.30,1,ATTACTCG,TATAGCCT,Y5,ACAGTG
SP1,APPC_21.01,1,ATTACTCG,TATAGCCT,Y6,GCCAAT
SP1,APPC_22.15,1,ATTACTCG,TATAGCCT,Y7,CAGATC
SP1,APPC_25.17,1,ATTACTCG,TATAGCCT,Y8,ACTTGA
SP1,APPC_28.17,1,ATTACTCG,TATAGCCT,Y9,GATCAG
SP1,APPC_29.07,1,ATTACTCG,TATAGCCT,Y10,TAGCTT
SP1,APPC_30.10,2,TCCGGAGA,ATAGAGGC,Y1,ATCACG
SP1,APPC_30.12,2,TCCGGAGA,ATAGAGGC,Y2,CGATGT
SP1,APPC_31.07,2,TCCGGAGA,ATAGAGGC,Y3,TTAGGC
SP1,APPC_32.26,2,TCCGGAGA,ATAGAGGC,Y4,TGGCCA
SP1,APPC_37.18,2,TCCGGAGA,ATAGAGGC,Y5,ACAGTG
SP1,APPC_40.06,2,TCCGGAGA,ATAGAGGC,Y6,GCCAAT
SP1,APPC_10.10,2,TCCGGAGA,ATAGAGGC,Y7,CAGATC
SP1,APPC_10.15,2,TCCGGAGA,ATAGAGGC,Y8,ACTTGA
SP1,APPC_10.06,2,TCCGGAGA,ATAGAGGC,Y9,GATCAG
SP1,APPC_10.08,2,TCCGGAGA,ATAGAGGC,Y10,TAGCTT
SP1,APPC_11.10,3,CGCTCATT,CCTATCCT,Y1,ATCACG
SP1,APPC_11.16,3,CGCTCATT,CCTATCCT,Y2,CGATGT
SP1,APPC_11.19,3,CGCTCATT,CCTATCCT,Y3,TTAGGC
SP1,APPC_11.27,3,CGCTCATT,CCTATCCT,Y4,TGGCCA
SP1,APPC_12.18,3,CGCTCATT,CCTATCCT,Y5,ACAGTG
SP1,APPC_12.19,3,CGCTCATT,CCTATCCT,Y6,GCCAAT
SP1,APPC_12.22,3,CGCTCATT,CCTATCCT,Y7,CAGATC
SP1,APPC_12.24,3,CGCTCATT,CCTATCCT,Y8,ACTTGA
SP1,APPC_13.18,3,CGCTCATT,CCTATCCT,Y9,GATCAG
SP1,APPC_13.25,3,CGCTCATT,CCTATCCT,Y10,TAGCTT
SP1,APPC_13.29,4,GAGATTCC,GGCTCTGA,Y1,ATCACG
SP1,APPC_13.08,4,GAGATTCC,GGCTCTGA,Y2,CGATGT
SP1,APPC_14.23,4,GAGATTCC,GGCTCTGA,Y3,TTAGGC
SP1,APPC_14.26,4,GAGATTCC,GGCTCTGA,Y4,TGGCCA
SP1,APPC_14.29,4,GAGATTCC,GGCTCTGA,Y5,ACAGTG
SP1,APPC_14.09,4,GAGATTCC,GGCTCTGA,Y6,GCCAAT
SP1,APPC_15.17,4,GAGATTCC,GGCTCTGA,Y7,CAGATC
SP1,APPC_16.14,4,GAGATTCC,GGCTCTGA,Y8,ACTTGA
SP1,APPC_16.15,4,GAGATTCC,GGCTCTGA,Y9,GATCAG
SP1,APPC_16.25,4,GAGATTCC,GGCTCTGA,Y10,TAGCTT
SP1,APPC_17.10,5,ATTCAGAA,AGGCGAAG,Y1,ATCACG
SP1,APPC_17.18,5,ATTCAGAA,AGGCGAAG,Y2,CGATGT
SP1,APPC_17.20,5,ATTCAGAA,AGGCGAAG,Y3,TTAGGC
SP1,APPC_17.09,5,ATTCAGAA,AGGCGAAG,Y4,TGGCCA
SP1,APPC_18.15,5,ATTCAGAA,AGGCGAAG,Y5,ACAGTG
SP1,APPC_18.20,5,ATTCAGAA,AGGCGAAG,Y6,GCCAAT
SP1,APPC_18.27,5,ATTCAGAA,AGGCGAAG,Y7,CAGATC
SP1,APPC_18.28,5,ATTCAGAA,AGGCGAAG,Y8,ACTTGA
SP1,APPC_19.15,5,ATTCAGAA,AGGCGAAG,Y9,GATCAG
SP1,APPC_19.16,5,ATTCAGAA,AGGCGAAG,Y10,TAGCTT
SP1,APPC_20.22,6,GAATTCGT,TAATCTTA,Y1,ATCACG
SP1,APPC_20.28,6,GAATTCGT,TAATCTTA,Y2,CGATGT
SP1,APPC_21.23,6,GAATTCGT,TAATCTTA,Y3,TTAGGC
SP1,APPC_21.25,6,GAATTCGT,TAATCTTA,Y4,TGGCCA
SP1,APPC_21.08,6,GAATTCGT,TAATCTTA,Y5,ACAGTG
SP1,APPC_22.09,6,GAATTCGT,TAATCTTA,Y6,GCCAAT
SP1,APPC_23.23,6,GAATTCGT,TAATCTTA,Y7,CAGATC
SP1,APPC_23.26,6,GAATTCGT,TAATCTTA,Y8,ACTTGA
SP1,APPC_23.04,6,GAATTCGT,TAATCTTA,Y9,GATCAG
SP1,APPC_23.08,6,GAATTCGT,TAATCTTA,Y10,TAGCTT
SP1,APPC_24.14,7,CTGAAGCT,CAGGACGT,Y1,ATCACG
SP1,APPC_24.02,7,CTGAAGCT,CAGGACGT,Y2,CGATGT
SP1,APPC_24.06,7,CTGAAGCT,CAGGACGT,Y3,TTAGGC
SP1,APPC_24.09,7,CTGAAGCT,CAGGACGT,Y4,TGGCCA
SP1,APPC_25.13,7,CTGAAGCT,CAGGACGT,Y5,ACAGTG
SP1,APPC_25.16,7,CTGAAGCT,CAGGACGT,Y6,GCCAAT
SP1,APPC_25.09,7,CTGAAGCT,CAGGACGT,Y7,CAGATC
SP1,APPC_26.02,7,CTGAAGCT,CAGGACGT,Y8,ACTTGA
SP1,APPC_26.03,7,CTGAAGCT,CAGGACGT,Y9,GATCAG
SP1,APPC_26.04,7,CTGAAGCT,CAGGACGT,Y10,TAGCTT
SP1,APPC_26.05,8,TAATGCGC,GTACTGAC,Y1,ATCACG
SP1,APPC_27.12,8,TAATGCGC,GTACTGAC,Y2,CGATGT
SP1,APPC_27.13,8,TAATGCGC,GTACTGAC,Y3,TTAGGC
SP1,APPC_27.07,8,TAATGCGC,GTACTGAC,Y4,TGGCCA
SP1,APPC_27.08,8,TAATGCGC,GTACTGAC,Y5,ACAGTG
SP1,APPC_28.23,8,TAATGCGC,GTACTGAC,Y6,GCCAAT
SP1,APPC_28.27,8,TAATGCGC,GTACTGAC,Y7,CAGATC
SP1,APPC_28.28,8,TAATGCGC,GTACTGAC,Y8,ACTTGA
SP1,APPC_29.29,8,TAATGCGC,GTACTGAC,Y9,GATCAG
SP1,APPC_30.21,8,TAATGCGC,GTACTGAC,Y10,TAGCTT
SP2,APPC_30.07,9,ATTACTCG,TATAGCCT,Y1,ATCACG
SP2,APPC_31.10,9,ATTACTCG,TATAGCCT,Y2,CGATGT
SP2,APPC_31.21,9,ATTACTCG,TATAGCCT,Y3,TTAGGC
SP2,APPC_32.15,9,ATTACTCG,TATAGCCT,Y4,TGGCCA
SP2,APPC_32.24,9,ATTACTCG,TATAGCCT,Y5,ACAGTG
SP2,APPC_32.03,9,ATTACTCG,TATAGCCT,Y6,GCCAAT
SP2,APPC_33.13,9,ATTACTCG,TATAGCCT,Y7,CAGATC
SP2,APPC_33.02,9,ATTACTCG,TATAGCCT,Y8,ACTTGA
SP2,APPC_33.05,9,ATTACTCG,TATAGCCT,Y9,GATCAG
SP2,APPC_33.08,9,ATTACTCG,TATAGCCT,Y10,TAGCTT
SP2,APPC_34.13,10,TCCGGAGA,ATAGAGGC,Y1,ATCACG
SP2,APPC_34.14,10,TCCGGAGA,ATAGAGGC,Y2,CGATGT
SP2,APPC_34.05,10,TCCGGAGA,ATAGAGGC,Y3,TTAGGC
SP2,APPC_34.06,10,TCCGGAGA,ATAGAGGC,Y4,TGGCCA
SP2,APPC_35.11,10,TCCGGAGA,ATAGAGGC,Y5,ACAGTG
SP2,APPC_35.14,10,TCCGGAGA,ATAGAGGC,Y6,GCCAAT
SP2,APPC_35.02,10,TCCGGAGA,ATAGAGGC,Y7,CAGATC
SP2,APPC_35.07,10,TCCGGAGA,ATAGAGGC,Y8,ACTTGA
SP2,APPC_36.04,10,TCCGGAGA,ATAGAGGC,Y9,GATCAG
SP2,APPC_36.06,10,TCCGGAGA,ATAGAGGC,Y10,TAGCTT
SP2,APPC_37.10,11,CGCTCATT,CCTATCCT,Y1,ATCACG
SP2,APPC_37.12,11,CGCTCATT,CCTATCCT,Y2,CGATGT
SP2,APPC_37.15,11,CGCTCATT,CCTATCCT,Y3,TTAGGC
SP2,APPC_38.12,11,CGCTCATT,CCTATCCT,Y4,TGGCCA
SP2,APPC_38.14,11,CGCTCATT,CCTATCCT,Y5,ACAGTG
SP2,APPC_39.12,11,CGCTCATT,CCTATCCT,Y6,GCCAAT
SP2,APPC_39.14,11,CGCTCATT,CCTATCCT,Y7,CAGATC
SP2,APPC_39.15,11,CGCTCATT,CCTATCCT,Y8,ACTTGA
SP2,APPC_39.03,11,CGCTCATT,CCTATCCT,Y9,GATCAG
SP2,APPC_40.11,11,CGCTCATT,CCTATCCT,Y10,TAGCTT
SP2,APPC_40.09,12,GAGATTCC,GGCTCTGA,Y1,ATCACG
SP2,APPC_40.15,12,GAGATTCC,GGCTCTGA,Y2,CGATGT
SP2,APPC_41.10,12,GAGATTCC,GGCTCTGA,Y3,TTAGGC
SP2,APPC_41.09,12,GAGATTCC,GGCTCTGA,Y4,TGGCCA
SP2,APPC_42.06,12,GAGATTCC,GGCTCTGA,Y5,ACAGTG
SP2,APPC_43.11,12,GAGATTCC,GGCTCTGA,Y6,GCCAAT
SP2,APPC_43.14,12,GAGATTCC,GGCTCTGA,Y7,CAGATC
SP2,APPC_43.15,12,GAGATTCC,GGCTCTGA,Y8,ACTTGA
SP2,APPC_43.05,12,GAGATTCC,GGCTCTGA,Y9,GATCAG
SP2,APPC_44.12,12,GAGATTCC,GGCTCTGA,Y10,TAGCTT
SP2,APPC_44.07,13,ATTCAGAA,AGGCGAAG,Y1,ATCACG
SP2,APPC_05.15,13,ATTCAGAA,AGGCGAAG,Y2,CGATGT
SP2,APPC_05.23,13,ATTCAGAA,AGGCGAAG,Y3,TTAGGC
SP2,APPC_05.06,13,ATTCAGAA,AGGCGAAG,Y4,TGGCCA
SP2,APPC_05.08,13,ATTCAGAA,AGGCGAAG,Y5,ACAGTG
SP2,APPC_06.12,13,ATTCAGAA,AGGCGAAG,Y6,GCCAAT
SP2,APPC_06.01,13,ATTCAGAA,AGGCGAAG,Y7,CAGATC
SP2,APPC_06.15,13,ATTCAGAA,AGGCGAAG,Y8,ACTTGA
SP2,APPC_06.07,13,ATTCAGAA,AGGCGAAG,Y9,GATCAG
SP2,APPC_07.10,13,ATTCAGAA,AGGCGAAG,Y10,TAGCTT
SP2,APPC_07.04,14,GAATTCGT,TAATCTTA,Y1,ATCACG
SP2,APPC_07.06,14,GAATTCGT,TAATCTTA,Y2,CGATGT
SP2,APPC_07.07,14,GAATTCGT,TAATCTTA,Y3,TTAGGC
SP2,APPC_08.12,14,GAATTCGT,TAATCTTA,Y4,TGGCCA
SP2,APPC_08.15,14,GAATTCGT,TAATCTTA,Y5,ACAGTG
SP2,APPC_08.17,14,GAATTCGT,TAATCTTA,Y6,GCCAAT
SP2,APPC_08.21,14,GAATTCGT,TAATCTTA,Y7,CAGATC
SP2,APPC_09.14,14,GAATTCGT,TAATCTTA,Y8,ACTTGA
SP2,APPC_09.01,14,GAATTCGT,TAATCTTA,Y9,GATCAG
SP2,APPC_09.04,14,GAATTCGT,TAATCTTA,Y10,TAGCTT
SP2,APPC_09.09,15,CTGAAGCT,CAGGACGT,Y1,ATCACG
SP2,APPC_29.14,15,CTGAAGCT,CAGGACGT,Y2,CGATGT
SP2,APPC_44.01,15,CTGAAGCT,CAGGACGT,Y3,TTAGGC
SP2,APPC_44.13,15,CTGAAGCT,CAGGACGT,Y4,TGGCCA
SP2,APPC_15.02,15,CTGAAGCT,CAGGACGT,Y5,ACAGTG
SP2,APPC_15.21,15,CTGAAGCT,CAGGACGT,Y6,GCCAAT
SP2,APPC_15.22,15,CTGAAGCT,CAGGACGT,Y7,CAGATC
SP2,APPC_22.01,15,CTGAAGCT,CAGGACGT,Y8,ACTTGA
SP2,APPC_22.12,15,CTGAAGCT,CAGGACGT,Y9,GATCAG
SP2,APPC_29.01,15,CTGAAGCT,CAGGACGT,Y10,TAGCTT
SP2,APPC_36.01,16,TAATGCGC,GTACTGAC,Y1,ATCACG
SP2,APPC_36.12,16,TAATGCGC,GTACTGAC,Y2,CGATGT
SP2,APPC_38.02,16,TAATGCGC,GTACTGAC,Y3,TTAGGC
SP2,APPC_38.28,16,TAATGCGC,GTACTGAC,Y4,TGGCCA
SP2,APPC_41.02,16,TAATGCGC,GTACTGAC,Y5,ACAGTG
SP2,APPC_41.28,16,TAATGCGC,GTACTGAC,Y6,GCCAAT
SP2,APPC_42.01,16,TAATGCGC,GTACTGAC,Y7,CAGATC
SP2,APPC_42.11,16,TAATGCGC,GTACTGAC,Y8,ACTTGA
SP2,APPC_42.15,16,TAATGCGC,GTACTGAC,Y9,GATCAG
,,16,,,,